{"cameraMode":{"drawMode":0,"name":"Shaded","section":"Shading Mode"},"sceneLighting":true,"audioPlay":false,"sceneViewState":{"showFog":true,"showMaterialUpdate":false,"showSkybox":true,"showFlares":true,"showImageEffects":true,"showParticleSystems":true,"showVisualEffectGraphs":true,"m_FxEnabled":true},"in2DMode":false,"pivot":{"x":0.7051486968994141,"y":0.5569953918457031,"z":0.7810578346252441},"rotation":{"x":0.25955265760421755,"y":0.6931796073913574,"z":-0.29866263270378115,"w":0.6024600863456726},"size":2.966891288757324,"orthographic":false}